brand,processor_brand,processor_name,processor_gnrtn,ram_gb,ram_type,ssd,hdd,os,os_bit,graphic_card_gb,Price,rating,Number of Ratings,Number of Reviews
1,1,1,0,4,1,0,1024,2,1,0,34649,2,3,0
5,1,1,0,4,1,0,1024,2,1,0,38999,3,65,5
5,1,1,0,4,1,0,1024,2,1,0,39999,3,8,1
1,1,3,0,8,1,512,0,2,0,2,69990,3,0,0
1,1,0,7,4,1,0,512,2,1,0,26990,3,0,0
1,1,0,7,4,1,0,512,2,1,0,22990,3,0,0
1,1,0,7,4,1,0,512,2,0,0,21990,3,31,3
1,1,3,0,8,1,0,1024,2,0,2,58799,3,0,0
5,1,3,0,4,1,0,1024,2,0,0,49999,3,0,0
7,0,9,0,4,1,0,512,2,0,4,59990,4,1946,240
7,0,9,0,4,1,0,512,2,0,6,93700,4,259,47
7,0,9,0,4,1,0,512,2,0,4,72990,4,425,67
2,1,0,7,4,1,0,512,2,1,0,17490,3,1120,196
1,1,0,7,4,1,0,512,2,1,0,22990,3,0,0
1,1,1,1,4,1,256,0,2,1,0,35990,3,0,0
4,1,1,1,8,1,256,0,2,1,0,56490,3,0,0
4,1,3,1,8,1,256,0,2,1,0,65390,3,0,0
5,1,0,7,4,1,256,0,2,1,0,31999,4,286,19
4,1,0,7,8,1,256,0,2,1,0,32490,4,58,6
5,1,0,7,4,1,256,0,2,1,0,31799,3,0,0
1,1,0,7,4,1,256,0,2,1,0,29890,4,7,0
1,1,0,7,4,1,0,1024,2,1,0,23990,3,15279,1947
4,1,1,4,4,1,0,1024,2,1,0,32955,4,311,27
4,1,3,4,4,1,0,1024,2,0,2,46200,4,47,7
1,1,1,1,4,1,256,0,2,1,0,34429,4,37,6
5,1,1,0,8,1,256,0,2,0,0,37990,4,2080,235
1,1,1,1,4,1,256,0,2,0,0,35990,4,1479,181
1,1,1,0,8,1,256,0,2,1,0,33980,4,67,3
4,1,1,1,8,1,256,0,2,1,0,39990,4,273,30
3,1,1,0,8,1,256,0,2,1,0,39490,4,1267,171
4,1,1,1,8,1,256,0,2,1,0,53990,4,14,0
7,1,1,1,8,1,256,0,2,1,0,38990,3,0,0
1,1,1,1,8,1,256,0,2,1,0,37990,4,284,39
1,1,1,1,8,1,256,0,2,1,0,37890,4,44,5
5,1,1,1,8,1,256,0,2,1,0,38990,4,33,4
5,1,1,0,8,1,256,0,2,1,0,37990,4,286,36
3,1,1,1,8,1,256,0,2,1,0,41990,3,10,5
1,1,1,1,8,1,256,0,2,1,0,45990,4,816,147
5,1,1,1,8,1,256,0,2,1,0,39990,4,543,65
3,1,1,1,8,1,256,0,2,1,0,42490,4,9,1
3,1,1,0,4,1,256,0,2,1,0,36990,4,1178,137
5,1,1,1,8,1,256,0,2,1,0,53990,4,299,41
1,1,1,1,8,1,256,0,2,1,0,36990,4,20,1
5,1,1,0,4,1,256,0,2,1,0,38940,4,758,64
3,1,1,0,4,1,256,0,2,1,0,39490,4,634,64
1,1,1,1,8,1,256,0,2,1,0,45990,4,816,147
5,1,1,0,8,1,256,0,2,1,0,39999,5,4,0
3,1,1,1,8,1,256,0,2,1,0,42990,4,17,2
3,1,1,1,8,1,256,0,2,1,0,49990,4,24,5
3,1,1,1,8,1,256,0,2,1,0,41490,4,1753,165
3,1,1,1,8,1,256,0,2,1,0,41990,4,216,21
5,1,1,1,8,1,256,0,2,1,0,41990,4,1084,160
1,1,1,1,8,1,256,0,2,1,0,38490,3,19,3
5,1,1,1,4,1,256,0,2,1,0,38990,4,106,13
5,1,1,1,4,1,256,0,2,1,0,44990,4,42,4
5,1,1,0,4,1,256,0,2,1,0,36490,3,0,0
5,1,1,0,8,1,256,0,2,0,0,38970,3,0,0
4,1,1,1,4,1,256,0,2,1,0,44900,4,1029,107
6,1,1,0,4,1,256,0,2,1,0,38990,4,53,11
3,1,1,1,4,1,256,0,2,1,0,44427,3,0,0
1,1,1,0,4,1,256,0,2,1,0,35990,3,0,0
5,1,1,0,4,1,256,0,2,1,0,40200,3,48,1
5,1,1,0,4,1,256,0,2,0,0,40990,3,3,0
3,1,1,0,4,1,256,0,2,1,0,42490,3,0,0
7,1,0,7,4,1,0,512,2,0,0,23990,3,61,4
3,1,1,1,4,1,256,0,2,1,0,71999,4,97,13
1,1,1,1,4,1,256,0,2,1,0,39990,4,181,19
5,1,1,0,4,1,256,0,2,1,0,41998,4,529,39
1,1,1,1,4,1,256,0,2,0,0,41990,3,0,0
5,1,1,0,4,1,256,0,2,1,0,39999,3,0,0
1,1,1,0,4,1,256,0,2,0,0,39990,3,0,0
5,1,1,1,4,1,256,0,2,1,0,39998,4,10,1
4,1,1,1,4,1,256,0,2,1,0,42490,4,5205,561
5,1,1,0,4,1,256,0,2,0,0,41990,3,3,0
1,1,1,1,4,1,256,0,2,0,0,48490,3,0,0
4,1,1,1,4,1,256,0,2,1,0,44376,4,1090,96
3,1,1,1,4,1,256,0,2,0,0,43900,3,0,0
3,1,1,1,4,1,256,0,2,1,0,46690,3,0,0
5,1,1,0,4,1,256,0,2,0,0,40990,5,1,1
3,1,1,0,4,1,256,0,2,1,0,39990,4,44,2
5,1,1,1,4,1,256,0,2,1,0,43990,3,0,0
1,1,1,1,4,1,256,0,2,1,0,36990,4,70,9
3,1,1,1,8,1,256,0,2,1,0,48500,3,0,0
1,1,1,1,8,1,256,0,2,1,0,48990,3,0,0
1,1,0,7,4,4,0,512,2,0,0,23490,4,632,92
4,1,1,5,4,1,256,0,2,1,0,54238,4,71,8
1,1,1,0,8,1,512,0,2,1,0,37990,4,990,108
4,1,1,1,8,1,512,0,2,1,0,42990,4,158,18
4,1,1,1,8,1,512,0,2,1,0,42990,4,681,59
1,1,1,0,4,1,512,0,2,1,0,35990,4,130,12
1,1,1,1,8,1,512,0,2,1,0,42990,4,30,4
1,1,1,1,8,5,512,0,2,0,0,51990,4,6,2
1,1,1,1,8,1,512,0,2,1,0,48990,4,174,30
1,1,1,1,8,1,512,0,2,1,0,42990,4,40,7
5,1,1,0,8,1,512,0,2,1,0,38990,3,13,1
3,1,1,1,8,1,512,0,2,1,0,45990,4,184,29
4,1,1,0,8,1,512,0,2,1,0,42490,4,1296,126
4,1,1,1,8,1,512,0,2,1,0,43970,4,571,56
1,1,1,0,4,1,512,0,2,1,0,39990,4,2551,297
6,1,1,1,8,1,512,0,2,1,0,48990,4,17,3
4,1,1,1,8,1,512,0,2,1,0,54990,4,35,3
6,1,1,0,8,1,512,0,2,1,0,40990,4,118,17
1,1,1,1,8,1,512,0,2,1,0,41990,3,0,0
5,1,1,1,8,1,512,0,2,1,0,54990,4,245,34
1,1,1,1,8,1,512,0,2,1,0,44990,4,2058,305
4,1,1,1,8,1,512,0,2,1,0,41250,4,117,11
4,1,1,1,8,1,512,0,2,1,0,44990,3,0,0
1,1,1,1,8,1,512,0,2,1,0,42990,4,74,11
3,1,1,1,8,1,512,0,2,1,0,60790,4,10,1
4,1,1,1,8,1,512,0,2,1,0,45650,4,39,4
3,1,1,0,8,1,512,0,2,1,0,41990,3,29,7
3,1,1,0,8,1,512,0,2,1,0,45490,4,43,4
1,1,1,1,8,1,512,0,2,1,0,44990,3,0,0
5,1,1,1,8,1,512,0,2,1,0,42990,4,984,99
4,1,1,1,4,1,512,0,2,1,0,45490,4,523,66
4,1,1,0,4,1,512,0,2,0,0,38799,4,30,1
4,1,1,1,4,1,512,0,2,1,0,69267,3,0,0
1,1,1,1,4,1,512,0,2,1,0,51649,3,0,0
4,1,1,1,4,1,512,0,2,1,0,47990,4,1605,215
1,1,1,0,4,1,512,0,2,1,0,40990,4,4008,519
1,1,1,0,4,1,512,0,2,1,0,42990,4,1869,234
1,1,1,1,4,1,512,0,2,1,0,44890,3,7,0
1,1,1,0,4,1,512,0,2,1,0,41490,4,4008,519
4,1,1,1,4,1,512,0,2,0,0,50990,3,0,0
4,1,1,1,4,1,512,0,2,1,0,48900,4,1278,135
1,1,1,0,4,1,512,0,2,1,0,40990,4,4008,519
3,1,1,0,4,1,512,0,2,1,0,41790,3,0,0
5,1,1,1,4,1,512,0,2,1,0,57999,3,10,2
3,1,1,1,8,1,512,0,2,1,0,45930,3,0,0
4,1,1,1,8,1,512,0,2,1,0,55490,4,143,15
1,1,1,0,8,1,0,1024,2,1,0,32890,3,28,4
5,1,1,0,8,1,0,1024,2,1,0,35990,4,2124,233
3,1,1,1,8,1,0,1024,2,1,0,42490,4,276,40
3,1,1,1,8,1,0,1024,2,1,0,42190,3,250,21
3,1,1,0,8,1,0,1024,2,1,0,39490,4,1917,189
4,1,1,1,8,1,0,1024,2,1,0,43690,4,4999,490
1,1,1,0,4,1,0,1024,2,1,0,35990,3,17,0
3,1,1,1,8,1,0,1024,2,0,0,43800,4,17,0
5,1,1,0,8,1,0,1024,2,0,0,38990,3,0,0
1,1,1,0,4,1,0,1024,2,1,0,34990,3,4203,490
1,1,1,1,8,1,0,1024,2,1,0,38900,3,13,0
3,1,1,0,4,1,0,1024,2,1,0,39990,3,15,1
3,1,1,0,4,1,0,1024,2,0,0,40890,4,527,46
5,1,1,0,4,1,0,1024,2,1,0,36990,3,103,10
4,1,1,1,4,1,0,1024,2,1,0,39990,3,324,45
4,1,1,1,4,1,0,1024,2,1,0,41990,4,69,5
3,1,1,1,4,1,0,1024,2,0,0,43970,3,16,0
4,1,1,1,4,1,0,1024,2,1,0,39790,3,40,3
1,1,1,0,4,1,0,1024,2,0,0,35590,3,12,1
4,1,1,0,4,1,0,1024,2,1,0,36490,3,1146,175
1,1,1,0,4,1,0,1024,2,1,0,38990,4,1850,216
1,1,1,0,4,1,0,1024,2,0,0,33990,3,43,7
3,1,1,0,4,1,0,1024,2,1,0,43400,4,231,26
1,1,0,7,4,4,0,512,2,0,0,24990,4,502,93
4,1,1,0,4,1,0,1024,2,1,0,40750,4,1096,116
3,1,1,0,4,1,0,1024,2,1,0,43000,4,313,35
1,1,1,0,4,1,0,1024,2,1,0,38000,4,7,0
3,1,1,1,8,1,0,1024,2,1,0,37990,3,265,46
4,1,1,4,8,1,0,1024,2,1,2,49279,4,38,3
5,1,1,0,8,1,0,1024,2,0,0,38999,3,7,2
1,1,1,1,8,1,0,1024,2,0,0,41500,3,4,0
7,1,1,1,4,1,0,1024,2,0,0,36999,3,0,0
3,1,1,1,8,1,0,1024,2,0,0,42900,3,0,0
1,1,0,7,4,4,0,512,2,0,0,21490,3,818,113
3,1,1,1,8,1,0,1024,2,0,0,41480,3,25,4
1,1,1,0,8,1,0,1024,2,1,0,32990,2,12,0
1,1,1,1,8,1,0,1024,2,1,0,38680,3,17,1
1,1,0,7,4,4,0,512,2,0,0,23990,4,974,170
3,1,1,0,8,1,0,1024,2,1,0,40390,3,83,15
1,1,1,0,4,1,0,1024,2,1,0,33990,3,31,6
1,1,0,7,4,4,0,512,2,0,0,20490,3,637,91
3,1,1,0,8,1,256,1024,2,1,0,41490,5,7,5
3,1,1,1,8,1,256,1024,2,1,0,45490,4,207,16
3,1,1,1,8,1,256,1024,2,1,0,44490,4,844,103
1,1,1,1,8,1,256,1024,2,1,0,41890,4,53,6
3,1,1,1,4,1,256,1024,2,1,0,42990,4,62,7
7,1,1,1,8,1,256,1024,2,1,0,40990,4,38,2
3,1,1,1,8,1,256,1024,2,1,0,48990,4,724,92
3,1,1,1,4,1,256,1024,2,1,0,43590,3,0,0
3,1,1,0,4,1,256,1024,2,1,0,44690,4,9,0
1,1,1,0,4,1,256,1024,2,1,0,40990,3,0,0
3,1,1,1,4,1,256,1024,2,1,0,43990,3,0,0
3,1,1,1,4,1,256,1024,2,1,0,43590,3,0,0
3,1,1,0,4,1,256,1024,2,1,0,41390,4,56,7
3,1,1,0,4,1,256,1024,2,1,0,44290,3,0,0
3,1,1,1,4,1,256,1024,2,1,0,48999,3,0,0
3,1,1,1,4,1,256,1024,2,1,0,39990,3,170,11
3,1,1,0,8,1,256,1024,2,1,0,46390,2,95,5
1,1,0,7,4,4,0,512,2,1,0,18990,3,197,25
1,1,0,7,4,4,0,512,2,0,0,17990,3,1180,148
4,1,0,7,4,1,0,512,2,1,0,26470,3,232,23
4,1,0,7,4,1,0,512,2,1,0,27990,3,596,65
5,1,0,7,4,1,0,1024,2,0,0,29999,3,19,1
5,1,0,7,4,5,0,512,2,1,0,25990,3,84,16
5,1,0,7,4,4,0,512,2,0,0,16990,3,414,54
5,1,0,7,4,4,0,512,2,0,0,24990,2,70,16
7,1,3,7,8,2,0,512,2,0,4,50990,4,10966,1185
7,1,3,7,8,4,0,512,2,0,0,119990,4,1,1
7,1,3,0,8,4,0,512,0,0,0,94190,4,31,6
1,1,3,0,8,4,0,512,0,0,4,106167,4,1881,241
3,1,3,0,8,4,0,512,0,0,4,68090,1,23,4
3,1,3,0,8,4,0,512,0,0,0,139990,3,0,0
4,1,3,0,8,4,0,512,0,0,0,55990,4,818,109
4,1,3,0,8,4,0,512,0,0,4,102551,3,0,0
5,1,3,0,8,4,0,512,0,0,2,46990,4,4428,569
4,1,3,5,8,1,128,0,2,1,0,76012,4,129,16
5,1,3,1,8,1,256,0,2,1,0,49490,4,365,35
7,1,3,4,8,0,256,0,2,1,0,86867,4,39,3
1,1,3,1,8,1,256,0,2,1,0,48990,3,0,0
3,1,3,1,8,1,256,0,2,1,0,55990,3,3,0
7,1,3,5,8,0,256,0,2,1,0,81998,4,14,3
4,1,3,5,8,1,256,0,2,1,0,136590,3,0,0
7,1,3,5,8,1,256,0,2,1,0,59490,3,33,7
1,1,3,1,8,1,256,0,2,1,0,49800,3,0,0
5,1,3,1,8,1,256,0,2,1,0,61999,2,4,0
4,1,3,1,8,1,512,0,2,1,0,54990,4,116,15
4,1,3,1,8,1,512,0,2,1,0,53990,4,206,17
5,1,3,1,8,1,512,0,2,1,0,52990,4,300,24
4,1,3,1,16,1,512,0,2,1,0,67990,4,108,6
1,1,3,0,8,1,512,0,2,1,4,57990,4,3712,412
5,1,3,1,16,1,512,0,2,1,0,62300,4,825,95
5,1,3,1,8,1,512,0,2,1,0,52990,3,0,0
5,1,3,1,8,1,512,0,2,1,0,51990,4,85,4
5,1,3,1,16,1,512,0,2,1,0,61990,4,56,7
1,1,3,1,8,5,512,0,2,0,0,63990,4,10,1
5,1,3,1,8,1,512,0,2,1,0,65990,4,17,4
7,1,3,1,8,1,512,0,2,1,0,52990,4,155,20
5,1,3,0,8,1,512,0,2,1,0,49990,3,0,0
1,1,3,1,8,1,512,0,2,1,4,71990,4,91,17
1,1,3,0,8,1,512,0,2,1,0,47990,4,35,2
5,1,3,0,8,1,512,0,2,0,0,48490,4,126,13
1,1,3,1,8,1,512,0,2,1,4,72990,4,74,10
6,1,3,1,16,1,512,0,2,1,4,76990,4,75,17
1,1,3,1,16,1,512,0,2,1,6,89990,4,124,17
6,1,3,0,8,1,512,0,2,1,4,59990,4,1597,228
1,1,3,0,8,1,512,0,2,1,4,65990,4,3850,378
3,1,3,1,8,1,512,0,2,1,0,71990,4,7,1
3,1,3,1,8,1,512,0,2,1,0,71890,4,3,0
5,1,3,1,16,1,512,0,2,1,0,64990,3,0,0
1,1,3,1,16,1,512,0,2,1,0,65990,3,0,0
4,1,3,1,8,1,512,0,2,1,0,55999,4,5,1
1,1,3,1,16,1,512,0,2,1,4,73490,4,213,45
4,1,3,1,16,1,512,0,2,1,0,74490,4,10,0
4,1,3,1,8,1,512,0,2,1,0,58340,4,69,6
7,1,3,1,8,1,512,0,2,1,0,55999,4,6,0
3,1,3,1,16,1,512,0,2,1,0,67990,4,93,9
1,1,3,1,16,1,512,0,2,1,0,59990,4,11,2
1,1,3,1,16,1,512,0,2,1,6,82990,4,262,31
3,1,3,1,8,1,512,0,2,1,2,64190,3,0,0
3,1,3,1,16,1,512,0,2,1,0,70090,4,5,1
1,1,3,0,8,1,512,0,2,1,2,49990,4,45,3
6,1,3,1,8,1,512,0,2,1,0,55490,3,8,1
4,1,3,1,8,5,512,0,2,1,0,97990,5,3,1
1,1,3,6,8,1,512,0,2,1,4,54990,4,1681,227
5,1,3,1,8,1,512,0,2,1,0,59990,4,37,2
5,1,3,1,8,1,512,0,2,1,0,53990,4,61,2
4,1,3,1,16,1,512,0,2,1,0,66999,4,17,1
7,1,3,1,8,5,512,0,2,1,0,60990,4,17,1
1,1,3,0,8,1,512,0,2,1,0,47990,4,1625,152
4,1,3,1,8,1,512,0,2,0,0,59999,4,4,1
3,1,3,0,16,1,512,0,2,1,4,79990,3,0,0
1,1,3,0,8,1,512,0,2,1,4,63990,3,0,0
4,1,3,1,8,1,512,0,2,1,0,63990,4,17,1
1,1,3,1,16,1,512,0,2,1,0,59990,3,0,0
5,1,3,1,8,1,512,0,2,1,0,55990,3,0,0
1,1,3,1,16,1,512,0,2,1,0,59990,3,0,0
4,1,3,1,8,1,512,0,2,1,0,63990,4,3,0
3,1,3,1,16,1,512,0,2,1,2,69490,3,0,0
3,1,3,1,16,1,512,0,2,1,0,89390,3,0,0
1,1,3,1,8,5,512,0,2,1,0,74990,3,0,0
5,1,3,1,8,1,512,0,2,1,0,64990,4,48,12
5,1,3,0,8,1,512,0,2,1,4,66490,4,282,36
3,1,3,1,16,1,512,0,2,1,2,89702,3,0,0
5,1,3,1,16,1,512,0,2,1,2,70990,4,67,4
1,1,3,1,16,1,512,0,2,1,0,58990,3,0,0
5,1,3,0,8,1,512,0,2,1,2,57500,3,0,0
3,1,3,1,8,1,512,0,2,1,2,79990,4,23,2
6,1,3,0,8,1,512,0,2,1,0,56541,4,677,87
1,1,3,1,16,1,512,0,2,1,0,59990,3,3,0
5,1,3,1,16,1,512,0,2,1,0,64990,4,46,4
3,1,3,1,8,1,512,0,2,1,0,61290,3,4,1
5,1,3,1,8,1,512,0,2,1,0,54990,4,9,1
5,1,3,1,8,1,512,0,2,1,0,59990,4,26,4
1,1,3,1,8,1,512,0,2,0,6,84990,5,5,0
4,1,3,1,8,1,512,0,2,1,0,72500,4,40,3
5,1,3,1,8,1,512,0,2,1,4,59990,3,44,6
5,1,3,1,8,1,512,0,2,1,0,87990,4,28,6
4,1,3,1,8,1,512,0,2,1,0,57990,4,1541,123
3,1,3,1,8,1,512,0,2,1,0,69490,4,72,7
5,1,3,1,8,1,512,0,2,1,0,68990,4,44,8
5,1,3,1,8,1,512,0,2,0,0,77990,4,17,2
1,1,3,1,8,5,512,0,2,1,0,105990,4,59,11
6,1,3,1,8,5,512,0,2,1,0,79990,3,0,0
3,1,3,1,8,1,512,0,2,1,0,55490,4,337,27
5,1,3,1,8,1,512,0,2,1,0,69990,4,10,2
1,1,3,1,8,1,512,0,2,1,0,84990,4,10,2
3,1,3,1,8,1,512,0,2,1,0,59990,3,31,7
3,1,3,0,8,5,512,0,2,1,0,111890,3,0,0
3,1,3,1,8,1,512,0,2,1,2,65990,4,10,0
1,1,3,1,8,5,512,0,2,0,0,72990,4,76,14
3,1,3,1,8,1,512,0,2,1,0,71090,4,44,6
6,1,3,1,8,1,512,0,2,1,4,74990,3,0,0
1,1,3,0,8,3,512,0,2,1,0,79990,4,11,3
6,1,3,1,8,1,512,0,2,1,0,55490,4,138,16
3,1,3,1,8,1,512,0,2,1,2,66490,4,199,17
1,1,3,1,8,1,512,0,2,1,0,53400,4,46,6
3,1,3,1,8,1,512,0,2,1,0,74500,4,45,5
3,1,3,1,8,5,512,0,2,1,0,114990,3,0,0
3,1,3,1,8,1,512,0,2,1,2,61990,4,35,4
0,1,3,0,8,5,512,0,1,1,0,159990,4,32,5
0,1,3,5,8,0,512,0,1,1,0,172090,4,108,13
6,1,3,1,8,1,512,0,2,1,4,74990,3,0,0
6,1,3,0,8,1,512,0,2,1,0,56490,4,814,112
5,1,3,0,8,1,512,0,2,1,0,147000,3,0,0
5,1,3,1,8,1,512,0,2,1,0,55990,4,75,9
4,1,3,1,8,1,512,0,2,1,4,77990,3,0,0
4,1,3,0,8,1,512,0,2,1,4,106490,4,3,0
5,1,3,1,8,1,512,0,2,0,2,70990,4,11,3
5,1,3,1,8,1,512,0,2,1,0,64990,4,125,11
7,1,3,1,8,1,512,0,2,1,0,57990,3,0,0
1,1,3,0,8,1,512,0,2,1,4,64990,4,4,0
6,1,3,0,8,1,512,0,2,1,0,54990,4,714,147
4,1,3,1,8,5,512,0,2,1,0,111999,3,0,0
5,1,3,0,8,5,512,0,2,1,2,70798,4,21,3
5,1,3,6,8,1,512,0,2,1,4,59990,3,9,1
7,1,3,5,8,1,512,0,2,1,4,99500,3,0,0
4,1,3,0,8,1,512,0,2,1,0,55990,4,30,4
1,1,3,5,8,3,512,0,2,1,0,72990,4,44,4
7,1,3,5,8,0,512,0,2,1,0,64990,3,4,1
1,1,3,1,8,1,512,0,2,1,0,57990,3,0,0
4,1,3,1,8,1,512,0,2,1,2,76990,4,14,2
5,1,3,1,8,1,512,0,2,1,0,62998,4,739,71
3,1,3,1,8,1,512,0,2,1,0,77990,4,31,5
4,1,3,0,8,1,512,0,2,1,0,114990,4,145,19
3,1,3,0,8,1,512,0,2,1,2,65990,3,0,0
3,1,3,1,8,1,512,0,2,1,2,88990,3,19,2
5,1,3,0,8,1,512,0,2,1,0,113590,3,0,0
1,1,3,1,8,5,512,0,2,1,0,73990,4,32,6
4,1,3,1,8,1,512,0,2,1,0,61000,4,1124,100
1,1,3,1,8,5,512,0,2,1,0,99990,4,35,6
5,1,3,1,8,1,512,0,2,1,0,67990,4,9,0
3,1,3,1,8,1,512,0,2,1,0,70799,4,98,6
5,1,3,1,8,1,512,0,2,1,0,65990,4,31,2
1,1,3,5,8,1,512,0,2,1,0,53690,4,19,3
6,1,3,1,8,1,512,0,2,1,0,55990,3,0,0
1,1,3,1,8,1,512,0,2,1,0,53190,4,11,0
5,1,3,0,8,1,512,0,2,0,2,58999,4,45,3
3,1,3,1,8,1,512,0,2,1,2,71990,3,0,0
4,1,3,1,8,1,512,0,2,0,4,82000,3,0,0
1,1,3,1,8,5,512,0,2,1,0,84990,3,0,0
5,1,3,1,8,1,512,0,2,1,2,89998,3,0,0
1,1,3,1,8,5,512,0,2,1,0,99990,3,0,0
1,1,3,1,8,5,512,0,2,1,0,84990,3,0,0
5,1,3,0,8,1,512,0,2,1,4,69899,4,474,37
3,1,3,0,8,1,512,0,2,1,4,79990,3,0,0
3,1,3,0,8,1,512,0,2,1,4,76300,4,6,0
5,1,3,0,8,1,512,0,2,1,0,55999,3,0,0
3,1,3,1,8,1,512,0,2,1,0,72900,3,24,4
3,1,3,1,8,1,512,0,2,1,0,73990,4,195,17
1,1,3,1,8,4,512,0,2,1,0,84990,3,0,0
3,1,3,1,8,1,512,0,2,0,2,73519,3,0,0
4,1,3,0,8,1,512,0,2,1,0,126000,5,2,1
1,1,3,1,8,1,512,0,2,1,6,88990,3,0,0
4,1,3,1,8,1,512,0,2,1,0,114999,3,0,0
3,1,3,1,8,1,512,0,2,1,2,82990,4,21,2
7,1,3,1,8,1,512,0,2,1,0,109999,3,0,0
5,1,3,1,8,1,512,0,2,1,0,82990,3,0,0
3,1,3,1,8,1,512,0,2,1,2,79990,4,5,0
1,1,3,1,8,5,512,0,2,1,0,114990,3,0,0
4,1,3,1,8,5,512,0,2,1,0,129999,3,0,0
6,1,3,5,8,2,512,0,2,0,6,149990,4,10,3
3,1,3,1,8,1,512,0,2,1,2,71290,3,0,0
3,1,3,0,8,1,512,0,2,1,0,79500,4,10,1
3,1,3,0,8,1,512,0,2,1,2,82990,3,15,3
3,1,3,1,8,1,512,0,2,1,2,70980,4,138,23
1,1,3,1,8,5,512,0,2,1,0,99990,3,0,0
4,1,3,1,8,1,512,0,2,0,0,94000,3,0,0
3,1,3,1,8,1,512,0,2,1,2,82990,4,16,3
6,1,3,1,8,5,512,0,2,1,0,79990,4,11,4
1,1,3,5,8,1,512,0,2,1,0,85990,3,0,0
1,1,3,0,8,1,512,0,2,1,2,86990,3,0,0
1,1,3,0,8,3,512,0,2,1,2,105990,5,4,0
1,1,3,0,8,3,512,0,2,1,0,84990,3,0,0
5,1,3,5,8,1,512,0,2,1,2,59999,4,22,3
5,1,3,1,8,1,512,0,2,1,0,91999,4,16,2
3,1,3,1,8,1,512,0,2,1,0,78900,3,16,1
1,1,3,0,8,3,512,0,2,1,0,132790,3,0,0
5,1,3,1,8,1,512,0,2,1,4,60990,3,14,6
2,1,3,4,8,1,512,0,2,1,0,65556,3,0,0
3,1,3,1,16,1,512,0,2,1,0,70190,3,6,3
3,1,3,1,8,1,512,0,2,1,2,79590,3,0,0
2,1,3,4,8,1,512,0,2,1,0,65556,3,0,0
1,1,3,1,8,1,512,0,2,1,4,76990,3,0,0
2,1,3,4,8,1,512,0,2,1,0,65556,3,0,0
2,1,3,5,8,1,512,0,2,1,0,44990,3,17,3
1,1,3,1,8,1,512,0,2,1,0,84990,3,17,2
5,1,3,0,8,1,512,0,2,1,2,86999,4,3,0
4,1,3,1,16,1,512,0,2,1,2,78000,4,512,85
2,1,3,5,8,1,512,0,2,1,0,73063,3,17,3
2,1,3,5,8,1,512,0,2,1,0,73063,3,17,3
4,1,3,1,16,1,512,0,2,1,4,100990,3,0,0
5,1,3,5,8,1,512,0,2,1,0,74990,3,3,1
1,1,3,0,8,1,512,0,2,1,4,75990,4,1365,137
5,1,3,1,8,1,512,0,2,0,2,84086,3,8,3
1,1,3,1,8,1,1024,0,2,1,4,75990,4,368,48
1,1,3,1,8,1,1024,0,2,1,4,77990,4,202,26
1,1,3,0,8,1,1024,0,2,1,4,77990,4,187,26
0,1,3,0,16,5,1024,0,1,1,0,179990,4,31,3
0,1,3,0,16,5,1024,0,1,1,0,179990,4,91,5
1,1,3,0,8,1,1024,0,2,1,4,82990,4,844,118
1,1,3,1,8,1,1024,0,2,1,4,87990,3,0,0
1,1,3,1,8,1,1024,0,2,1,4,84500,4,3,0
3,1,3,1,8,5,1024,0,2,1,0,74190,4,21,3
5,1,3,1,8,1,1024,0,2,1,0,64990,3,4,0
5,1,3,0,8,1,512,512,2,1,0,155411,3,0,0
5,1,3,0,8,1,512,512,2,1,0,125394,3,0,0
7,1,3,1,8,1,0,1024,2,1,0,49990,3,0,0
7,1,3,1,8,1,0,1024,2,1,0,46990,3,253,28
3,1,3,1,8,1,0,1024,2,1,0,48990,3,470,46
7,1,3,5,8,1,0,1024,2,1,2,59999,4,118,28
1,1,3,0,8,1,0,1024,2,1,0,46990,4,1444,179
6,1,3,0,8,1,0,1024,2,1,4,52990,4,1114,137
5,1,3,4,8,1,0,1024,2,0,2,57999,3,0,0
5,1,3,3,8,0,0,1024,2,1,0,52490,3,78,17
5,1,3,5,8,1,0,1024,2,1,4,56990,4,21,5
7,1,3,5,8,1,0,1024,2,1,2,61990,4,73,21
3,1,3,1,8,1,0,1024,2,0,0,58090,3,0,0
1,1,3,0,8,1,0,1024,2,1,0,56990,3,0,0
7,1,3,5,8,1,0,1024,2,1,0,61597,3,0,0
1,1,3,5,8,1,0,1024,2,1,0,81990,3,0,0
1,1,3,0,8,1,0,1024,2,1,0,61249,3,0,0
3,1,3,1,8,1,0,1024,2,0,0,58990,3,0,0
1,1,3,0,8,1,0,1024,2,1,2,83990,3,0,0
6,1,3,0,8,4,0,512,0,0,6,291190,4,7,3
6,1,3,0,8,4,0,512,0,0,6,145990,4,715,106
6,1,3,0,8,4,0,512,0,0,8,179990,4,24,5
4,1,3,5,8,1,0,1024,2,1,2,64990,4,23,4
4,1,3,5,8,1,0,1024,2,1,0,46790,4,3062,325
4,1,3,4,4,1,0,1024,2,1,0,44599,4,122,12
7,1,3,5,8,1,0,1024,2,1,2,72964,4,18,6
4,1,3,0,8,1,0,1024,2,0,0,48790,3,11,1
7,1,3,0,8,1,0,1024,2,1,2,56491,3,30,6
1,1,3,1,8,1,256,1024,2,0,0,50990,4,1188,127
1,1,3,0,8,1,256,1024,2,1,4,55990,4,23,0
7,1,3,1,8,1,256,1024,2,1,0,57990,4,32,1
1,1,3,1,8,1,256,1024,2,1,0,52990,3,0,0
3,1,3,1,8,1,256,1024,2,1,0,57990,4,47,0
7,1,3,1,8,1,256,1024,2,1,0,56990,4,27,2
7,1,3,1,8,1,256,1024,2,1,0,55490,3,8,3
3,1,3,1,8,1,256,1024,2,1,2,62490,3,157,20
1,1,3,1,16,1,256,1024,2,1,0,64990,4,10,1
5,1,3,1,8,1,256,1024,2,1,2,59990,4,52,4
1,1,3,1,8,1,256,1024,2,1,2,60190,4,33,4
1,1,3,6,8,1,256,1024,2,1,4,54490,4,343,47
5,1,3,6,8,1,256,1024,2,1,4,60990,4,131,17
3,1,3,1,4,1,256,1024,2,1,0,55790,4,41,4
1,1,3,1,16,1,256,1024,2,1,0,64990,4,328,51
1,1,3,1,16,1,256,1024,2,1,0,58990,4,6,1
3,1,3,1,8,1,256,1024,2,1,0,54990,3,353,28
4,1,3,1,8,1,256,1024,2,1,4,71990,4,127,20
3,1,3,1,8,1,256,1024,2,1,2,69900,3,0,0
5,1,3,1,8,1,256,1024,2,1,2,65990,4,241,19
1,1,3,1,8,1,256,1024,2,1,0,49990,3,22,2
3,1,3,1,8,1,256,1024,2,1,0,58990,4,8,1
5,1,3,0,8,1,256,1024,2,1,4,74590,4,898,128
1,1,3,0,8,1,256,1024,2,0,2,58990,5,1,1
1,1,3,1,8,1,256,1024,2,1,0,64990,3,0,0
3,1,3,1,8,1,256,1024,2,1,2,66490,3,6,1
3,1,3,0,8,1,256,1024,2,1,4,77900,4,179,34
3,1,3,1,8,1,256,1024,2,1,2,67490,3,41,5
3,1,3,1,8,1,256,1024,2,1,0,61990,3,0,0
3,1,3,1,8,1,256,1024,2,1,0,58990,4,114,9
5,1,3,0,8,1,256,1024,2,1,4,74999,4,268,25
1,1,3,1,8,1,256,1024,2,1,0,68900,5,6,1
3,1,3,1,8,1,256,1024,2,1,2,71695,4,153,16
7,1,3,1,16,1,256,1024,2,1,0,62490,3,8,0
3,1,3,5,8,1,0,2048,2,1,2,62317,4,377,53
6,1,3,0,8,4,0,512,0,0,8,207290,3,0,0
3,1,4,5,16,1,256,0,2,1,4,87990,4,120,21
2,1,4,5,8,1,256,0,2,1,0,73990,3,0,0
2,1,4,5,8,1,256,0,2,1,0,73990,3,0,0
2,1,4,5,8,1,256,0,2,1,0,73990,3,0,0
2,1,4,5,8,1,256,0,2,1,0,73990,3,0,0
2,1,4,5,8,1,256,0,2,1,0,73990,3,0,0
2,1,4,5,8,1,256,0,2,1,0,73990,3,0,0
1,1,4,0,16,1,512,0,2,1,0,57990,4,76,9
1,1,4,0,8,1,512,0,2,1,4,61990,4,11,2
6,1,4,0,16,1,512,0,2,1,4,79990,4,484,56
5,1,4,0,8,1,512,0,2,1,4,68990,4,44,2
5,1,4,1,16,1,512,0,2,1,0,85990,4,77,10
5,1,4,1,16,1,512,0,2,1,4,99990,4,11,3
1,1,4,1,8,1,512,0,2,1,0,77990,4,21,5
5,1,4,1,8,1,512,0,2,1,4,79990,4,5,2
4,1,4,1,16,1,512,0,2,1,4,93190,5,4,0
1,1,4,1,16,5,512,0,2,1,0,94990,3,0,0
5,1,4,1,16,1,512,0,2,1,0,84990,4,13,2
6,1,4,0,8,1,512,0,2,1,0,57990,4,15,0
4,1,4,1,16,1,512,0,2,1,0,102990,4,11,2
3,1,4,1,16,1,512,0,2,1,4,99990,3,0,0
1,1,4,1,16,1,512,0,2,1,4,94990,4,118,15
4,1,4,1,16,1,512,0,2,1,0,104000,3,0,0
6,1,4,1,16,1,512,0,2,1,2,76990,3,0,0
4,1,4,1,16,1,512,0,2,1,4,90190,4,6,1
5,1,4,1,16,1,512,0,2,0,0,88488,3,0,0
6,1,4,0,16,1,512,0,2,1,4,109990,4,138,30
6,1,4,1,16,1,512,0,2,1,4,86990,3,0,0
6,1,4,1,16,5,512,0,2,1,0,89990,3,0,0
4,1,4,0,16,3,512,0,2,1,0,239759,3,0,0
1,1,4,1,16,1,512,0,2,1,2,78990,4,35,4
3,1,4,5,16,0,512,0,2,1,0,121890,1,3,0
1,1,4,5,16,3,512,0,2,1,0,85990,4,18,0
6,1,4,1,16,1,512,0,2,1,4,94990,3,0,0
4,1,4,1,16,1,512,0,2,1,4,92000,4,8,1
4,1,4,0,16,1,512,0,2,1,0,162990,3,3,1
3,1,4,1,16,5,512,0,2,1,0,135300,5,5,2
6,1,4,1,16,1,512,0,2,1,0,64990,4,33,5
5,1,4,0,16,1,512,0,2,1,0,174527,3,0,0
5,1,4,0,16,1,512,0,2,1,0,162299,3,0,0
3,1,4,0,16,1,512,0,2,1,0,109190,3,0,0
4,1,4,1,16,1,512,0,2,1,0,99999,3,0,0
6,1,4,0,16,1,512,0,2,1,2,104990,4,85,9
1,1,4,1,16,5,512,0,2,1,0,109990,3,0,0
1,1,4,5,16,0,512,0,2,1,0,99990,4,30,7
5,1,4,5,16,1,512,0,2,1,2,244801,3,0,0
1,1,4,1,16,5,512,0,2,1,0,94990,3,0,0
5,1,4,5,16,1,512,0,2,1,0,86000,3,0,0
5,1,4,0,16,1,512,0,2,0,2,162399,3,0,0
4,1,4,1,16,1,512,0,2,0,0,119599,3,0,0
5,1,4,0,16,3,512,0,2,1,0,211753,3,0,0
5,1,4,1,16,1,512,0,2,0,0,110999,3,0,0
3,1,4,1,16,1,512,0,2,1,4,99990,3,0,0
1,1,4,5,8,3,512,0,2,1,0,81990,4,40,4
6,1,4,6,8,1,512,0,2,1,4,66990,4,1639,230
6,1,4,0,16,1,1024,0,2,1,6,84990,4,498,64
1,1,4,1,16,5,1024,0,2,1,2,104990,3,0,0
1,1,4,1,16,5,1024,0,2,1,0,134990,3,0,0
1,1,4,1,16,1,1024,0,2,1,4,98990,4,445,56
4,1,4,0,16,1,1024,0,2,1,6,144690,4,17,4
1,1,4,1,16,5,1024,0,2,1,0,99990,3,0,0
6,1,4,1,16,1,1024,0,2,1,6,119990,4,20,3
1,1,4,1,16,1,1024,0,2,0,4,194990,3,0,0
1,1,4,0,16,3,1024,0,2,1,2,124990,4,17,1
3,1,4,1,16,1,1024,0,2,1,2,122410,3,0,0
4,1,4,0,16,1,1024,0,2,1,0,179990,4,13,5
6,1,4,1,16,1,1024,0,2,1,4,154990,4,3,2
5,1,4,1,16,5,1024,0,2,1,0,122990,3,4,2
1,1,4,0,16,1,1024,0,2,1,6,224990,4,9,0
6,1,4,2,16,2,1024,0,2,1,8,279990,3,0,0
4,1,4,1,16,1,1024,0,2,1,4,121990,3,0,0
4,1,4,1,16,1,1024,0,2,1,4,116990,3,0,0
5,1,4,1,16,1,1024,0,2,1,6,151098,4,7,0
6,1,4,1,16,1,1024,0,2,1,8,129990,4,14,3
4,1,4,1,16,5,1024,0,2,1,0,149999,3,0,0
6,1,4,2,16,1,1024,0,2,1,6,139990,4,4,2
7,1,4,1,16,1,1024,0,2,1,6,129990,4,54,7
4,1,4,1,16,1,1024,0,2,1,8,171990,3,0,0
3,1,4,1,16,1,1024,0,2,1,2,93955,4,4,0
1,1,4,0,16,1,1024,0,2,1,8,234990,3,0,0
4,1,4,1,16,5,1024,0,2,1,0,128500,3,3,1
5,1,4,1,16,1,1024,0,2,1,0,102990,4,16,2
1,1,4,1,16,5,1024,0,2,1,0,119990,4,8,1
1,1,4,1,16,1,1024,0,2,0,6,120980,3,0,0
1,1,4,1,16,1,1024,0,2,0,6,157249,4,7,0
5,1,4,6,16,1,1024,0,2,1,4,229900,3,0,0
1,1,4,1,16,1,1024,0,2,1,6,131500,3,0,0
1,1,4,0,16,3,1024,0,2,1,0,154990,5,3,0
1,1,4,0,16,3,1024,0,2,1,0,165990,3,0,0
5,1,4,0,16,5,1024,0,2,1,0,119990,2,2,1
1,1,4,0,16,3,1024,0,2,1,0,167990,3,0,0
4,1,4,1,16,5,1024,0,2,1,0,165000,3,0,0
2,1,4,0,16,1,1024,0,2,1,0,62990,3,207,49
5,1,4,1,16,4,1024,0,2,1,0,85990,3,7,2
4,1,4,1,16,1,1024,0,2,1,2,94990,3,0,0
4,1,4,1,16,1,1024,0,2,1,6,136990,3,0,0
5,1,4,0,16,1,1024,0,2,1,8,234990,3,0,0
7,1,4,0,16,1,2048,0,2,1,8,159990,3,4,0
1,1,4,0,16,3,2048,0,2,1,0,233990,3,0,0
1,1,4,0,16,1,0,1024,2,1,2,93990,3,0,0
4,1,4,5,16,1,128,1024,2,1,4,116941,3,0,0
6,1,4,0,8,1,256,1024,2,1,4,63990,4,794,83
1,1,4,0,16,1,256,1024,2,1,4,66990,4,25,4
1,1,4,1,16,1,256,1024,2,0,0,82500,3,0,0
7,1,4,0,16,1,256,1024,2,1,6,119990,4,2038,313
6,1,4,0,16,1,256,1024,2,1,4,159990,3,0,0
1,1,4,5,16,1,256,1024,2,1,0,98912,3,0,0
7,1,4,1,16,1,512,1024,2,1,4,92990,4,214,37
7,1,4,1,16,1,512,1024,2,0,6,119990,4,342,54
7,1,5,1,32,1,1024,0,2,1,8,169990,3,0,0
7,1,5,1,16,1,1024,0,2,1,6,139990,3,0,0
6,1,5,1,16,1,1024,0,2,1,6,192990,3,0,0
1,1,5,2,16,2,1024,0,2,1,6,299990,3,0,0
1,1,5,0,16,1,1024,0,2,1,6,269990,4,8,1
1,1,5,1,16,1,1024,0,2,1,6,139990,3,0,0
5,1,5,0,16,1,1024,0,2,0,8,265998,3,0,0
1,1,5,1,16,1,3072,0,2,0,6,441990,5,1,1
6,1,3,0,8,4,0,512,0,0,4,86990,4,218,27
6,1,3,0,8,4,0,512,0,0,6,109990,4,78,16
6,1,3,0,8,4,0,512,0,0,4,109590,4,5,2
1,1,4,0,16,5,0,512,0,0,6,146490,3,2,1
0,2,6,0,8,1,256,0,1,1,0,85990,4,6725,629
0,2,6,0,8,1,256,0,1,1,0,112990,4,640,70
0,2,6,0,16,1,256,0,1,1,0,104990,4,45,4
0,2,6,0,8,1,256,0,1,1,0,112990,4,640,70
0,2,6,0,16,1,256,0,1,1,0,132990,4,640,70
0,2,6,0,16,1,256,0,1,1,0,104990,4,45,4
0,2,6,0,8,1,256,0,1,1,0,85990,4,6725,629
0,2,6,0,16,1,512,0,1,1,0,149990,4,640,70
0,2,6,0,8,1,512,0,1,1,0,125990,4,399,45
0,2,6,0,8,1,512,0,1,1,0,103990,4,809,91
0,2,6,0,8,1,512,0,1,1,0,101990,4,809,91
0,2,6,0,8,1,512,0,1,1,0,104990,4,6725,629
0,2,6,0,8,1,512,0,1,1,0,131990,4,399,45
0,2,6,0,16,1,512,0,1,1,0,128990,4,45,4
0,2,6,0,16,1,512,0,1,1,0,184990,4,42,8
0,2,6,0,16,1,512,0,1,1,0,225990,4,42,8
0,2,6,0,4,1,512,0,1,1,0,124990,4,45,4
0,2,6,0,8,1,512,0,1,1,0,104990,4,6725,629
0,2,6,0,8,1,1024,0,1,1,0,149990,4,640,70
0,2,6,0,16,1,1024,0,1,1,0,169990,4,640,70
0,2,6,0,16,1,1024,0,1,1,0,225990,4,42,8
0,2,6,0,16,1,1024,0,1,1,0,243990,4,42,8
0,2,6,0,32,1,1024,0,1,1,0,309990,5,3,1
0,2,6,0,16,1,1024,0,1,1,0,225990,4,42,8
1,1,7,7,4,5,0,512,2,1,0,45990,3,0,0
1,1,7,7,4,1,128,0,2,0,0,58100,3,0,0
1,1,7,7,8,5,256,0,2,1,0,62990,3,0,0
4,1,7,7,8,1,256,0,2,1,0,32990,4,77,9
1,1,7,7,4,1,256,0,2,1,0,33990,4,6,0
7,1,7,7,4,1,256,0,2,1,0,30990,4,465,89
3,1,7,7,4,1,256,0,2,1,0,36000,4,102,16
1,1,7,7,4,1,256,0,2,1,0,32990,4,7,1
3,1,7,7,4,1,256,0,2,1,0,35990,3,0,0
1,1,7,7,4,4,0,1024,2,1,0,27990,3,0,0
1,1,7,7,4,1,0,1024,2,1,0,25990,3,4741,658
1,1,7,7,4,1,0,1024,2,1,0,25990,3,2736,350
1,1,7,7,4,1,0,1024,2,1,0,30780,3,0,0
4,0,8,7,8,1,256,0,2,1,0,37990,4,2214,241
1,0,8,7,8,1,256,0,2,1,0,35990,4,2886,375
3,0,8,7,8,1,256,0,2,1,0,39490,4,34,4
3,0,8,7,8,1,256,0,2,1,0,36990,4,137,15
3,0,8,7,8,1,256,0,2,1,0,39990,4,7,0
1,0,8,7,4,1,256,0,2,1,0,33690,4,170,26
3,0,8,7,8,1,256,0,2,1,0,40590,3,0,0
1,0,8,7,4,1,256,0,2,1,0,37990,4,39,3
1,0,8,7,4,1,256,0,2,1,0,34500,4,2886,375
7,0,8,7,8,1,512,0,2,1,0,36990,4,11,2
4,0,8,7,8,1,512,0,2,1,0,43490,4,163,33
4,0,8,7,8,1,512,0,2,1,0,41490,4,153,21
7,0,8,7,4,1,512,0,2,1,0,34990,3,0,0
4,0,8,7,4,1,512,0,2,1,0,44490,4,267,42
3,0,8,7,4,1,512,0,2,1,0,40590,3,0,0
3,0,8,7,8,1,512,0,2,1,0,42090,3,3,0
3,0,8,7,8,1,0,1024,2,1,0,35990,4,59,12
4,0,8,7,8,1,0,1024,2,1,0,39490,4,7291,895
3,0,8,7,8,1,0,1024,2,1,0,37390,4,38,5
3,0,8,7,4,1,0,1024,2,1,0,52632,3,0,0
3,0,8,7,4,1,0,1024,2,1,0,39990,4,409,39
3,0,8,7,4,1,0,1024,2,1,0,43990,3,0,0
4,0,8,7,4,1,0,1024,2,1,0,32917,4,353,58
5,0,8,7,4,1,0,1024,2,1,0,34990,3,38,6
3,0,8,7,8,1,0,1024,2,1,0,39990,3,18,4
4,0,8,7,8,1,256,1024,2,1,0,41999,4,3524,432
3,0,9,7,8,1,256,0,2,1,0,41990,4,939,107
3,0,9,7,8,1,256,0,2,1,0,44490,4,14,1
3,0,9,7,8,1,256,0,2,1,0,41990,4,649,84
3,0,9,7,8,1,256,0,2,1,0,44490,4,8,2
6,0,9,7,4,1,256,0,2,1,0,49990,3,0,0
3,0,9,7,4,1,256,0,2,1,0,44390,4,276,24
4,0,9,7,8,1,512,0,2,1,4,57990,4,4740,532
5,0,9,7,8,1,512,0,2,1,4,56990,4,162,15
5,0,9,7,8,1,512,0,2,1,0,48990,4,219,27
4,0,9,7,8,1,512,0,2,1,0,49970,4,193,28
6,0,9,7,8,1,512,0,2,1,0,47990,4,562,89
4,0,9,7,8,1,512,0,2,1,0,48990,4,45,5
7,0,9,7,8,5,512,0,2,1,0,53990,4,7,0
5,0,9,7,8,1,512,0,2,1,0,52990,4,39,5
7,0,9,7,8,1,512,0,2,1,0,43990,3,0,0
5,0,9,7,8,1,512,0,2,1,4,59490,4,92,10
6,0,9,7,8,1,512,0,2,1,4,64990,4,469,80
3,0,9,7,8,1,512,0,2,1,0,47490,2,2,1
4,0,9,7,8,1,512,0,2,1,4,59990,4,1978,188
5,0,9,7,8,1,512,0,2,1,4,69990,4,9,0
4,0,9,7,8,1,512,0,2,1,4,58990,4,1049,134
3,0,9,7,8,1,512,0,2,1,0,59490,4,74,18
4,0,9,7,16,1,512,0,2,1,0,67500,4,196,19
4,0,9,7,8,1,512,0,2,0,0,48990,4,17,1
1,0,9,7,8,1,512,0,2,1,0,62450,4,172,36
1,0,9,7,8,1,512,0,2,1,0,58990,4,324,34
4,0,9,7,8,1,512,0,2,1,0,57999,4,86,15
1,0,9,7,16,1,512,0,2,1,0,56990,4,4,1
4,0,9,7,8,1,512,0,2,1,4,72990,4,16,4
4,0,9,7,16,1,512,0,2,1,0,65990,4,104,18
4,0,9,7,16,1,512,0,2,1,0,98020,3,0,0
4,0,9,7,16,1,512,0,2,1,2,63990,4,90,13
1,0,9,7,8,1,512,0,2,0,0,49890,4,6,1
3,0,9,7,8,1,512,0,2,1,0,49990,4,47,7
3,0,9,7,8,1,512,0,2,1,0,59490,3,0,0
4,0,9,7,8,1,512,0,2,1,0,73999,4,206,27
3,0,9,7,4,1,512,0,2,1,0,60990,4,183,42
3,0,9,7,4,1,512,0,2,1,6,76190,4,358,64
5,0,9,7,4,5,512,0,2,1,0,74798,3,0,0
1,0,9,7,4,1,512,0,2,1,0,58990,4,88,13
4,0,9,7,4,1,512,0,2,0,4,68100,3,0,0
5,0,9,7,4,1,512,0,2,1,0,77990,3,0,0
4,0,9,7,4,1,512,0,2,1,0,55090,4,364,52
1,0,9,7,4,5,512,0,2,1,0,91990,3,0,0
4,0,9,7,4,1,512,0,2,1,0,84208,3,0,0
7,0,9,7,4,1,512,0,2,1,0,44990,4,313,39
4,0,9,7,4,1,512,0,2,1,0,53490,4,826,118
5,0,9,7,4,1,512,0,2,1,4,76498,3,0,0
3,0,9,7,4,1,512,0,2,1,4,98920,3,0,0
6,0,9,7,4,1,512,0,2,1,0,54990,4,1410,203
7,0,9,7,4,1,512,0,2,1,0,49990,4,47,6
4,0,9,7,4,1,512,0,2,0,0,52380,3,0,0
7,0,9,7,4,1,512,0,2,1,0,49990,4,6,1
4,0,9,7,4,1,512,0,2,1,0,52500,4,741,67
1,0,9,7,4,1,512,0,2,1,0,49990,4,14,2
7,0,9,7,4,1,512,0,2,1,0,75999,3,0,0
1,0,9,7,4,1,512,0,2,1,0,80990,3,0,0
5,0,9,7,4,1,512,0,2,0,0,59900,3,3,0
4,0,9,7,4,1,512,0,2,1,0,54590,4,349,69
3,0,9,7,4,1,512,0,2,1,0,75500,3,0,0
4,0,9,7,8,1,512,0,2,1,0,51890,4,519,48
1,0,9,7,16,1,512,0,2,1,0,78000,2,3,0
4,0,9,7,16,1,512,0,2,1,0,59999,4,19,1
4,0,9,7,8,1,512,0,2,1,4,64990,3,8,1
3,0,9,7,4,1,1024,0,2,0,0,57900,4,3,1
5,0,9,7,4,5,1024,0,2,1,0,81978,3,0,0
4,0,9,7,4,1,0,1024,2,1,4,59990,4,1480,151
3,0,9,7,8,1,256,1024,2,1,0,49490,4,31,3
1,0,9,7,8,1,256,1024,2,1,0,54990,4,18,3
5,0,9,7,8,1,256,1024,2,1,4,68500,4,271,24
1,0,9,7,8,1,256,1024,2,1,0,54990,4,49,6
1,0,9,7,8,1,256,1024,2,0,0,54990,4,474,65
5,0,9,7,8,1,256,1024,2,1,0,63990,4,861,116
4,0,9,7,4,1,256,1024,2,1,4,80000,4,34,6
3,0,9,7,4,1,256,1024,2,0,0,51990,3,0,0
1,0,9,7,4,1,256,1024,2,1,0,62990,4,165,34
4,0,9,7,4,1,256,1024,2,1,0,52990,4,698,74
1,0,9,7,4,1,256,1024,2,1,0,75100,3,0,0
1,0,10,7,16,1,512,0,2,0,4,76990,4,22,3
1,0,10,7,16,1,512,0,2,1,4,79990,3,0,0
1,0,10,7,8,1,512,0,2,1,4,71990,4,144,16
1,0,10,7,8,1,512,0,2,1,4,71990,4,1810,235
5,0,10,7,16,1,512,0,2,1,4,99990,4,26,1
1,0,10,7,16,1,512,0,2,1,0,79990,3,0,0
3,0,10,7,16,1,512,0,2,1,4,93990,3,0,0
1,0,10,7,16,1,512,0,2,1,4,82990,4,1067,145
1,0,10,7,4,2,512,0,2,1,4,106990,3,0,0
1,0,10,7,4,1,512,0,2,1,0,92990,4,25,4
5,1,10,7,4,1,512,0,2,0,4,81490,3,0,0
1,0,10,7,4,1,512,0,2,1,0,56990,3,0,0
6,0,10,7,4,1,512,0,2,1,0,64990,3,0,0
5,0,10,7,4,1,512,0,2,1,0,60990,4,530,69
5,0,10,7,4,1,512,0,2,1,4,84988,3,0,0
4,0,10,7,4,1,512,0,2,1,4,90990,4,273,40
1,0,10,7,4,1,512,0,2,1,0,63990,4,77,7
5,0,10,7,4,1,512,0,2,1,0,63990,4,105,10
4,0,10,7,4,1,512,0,2,1,0,57999,4,44,5
1,0,10,7,4,1,512,0,2,0,4,72400,3,0,0
5,0,10,7,4,1,512,0,2,1,0,78990,4,6,0
7,0,10,7,4,1,512,0,2,1,0,59990,3,0,0
1,0,10,7,4,2,512,0,2,0,4,111990,3,0,0
4,0,10,7,4,1,512,0,2,0,0,109000,3,0,0
3,0,10,7,4,1,512,0,2,1,6,89990,4,191,27
5,0,10,7,4,1,512,0,2,1,0,78988,3,0,0
5,0,10,7,4,1,512,0,2,1,4,73138,3,4,1
5,0,10,7,4,1,512,0,2,1,4,106990,3,0,0
1,0,10,7,4,1,512,0,2,0,4,79990,3,0,0
3,0,10,7,4,1,512,0,2,1,0,89570,3,0,0
4,0,10,7,4,1,512,0,2,1,0,68500,4,134,22
5,0,10,7,16,1,512,0,2,1,0,73400,3,0,0
4,0,10,7,16,1,512,0,2,1,2,79990,3,23,6
4,0,10,7,16,1,512,0,2,1,4,84990,2,4,2
6,0,10,7,16,1,1024,0,2,1,8,99990,4,108,24
1,0,10,7,8,5,1024,0,2,1,4,72990,4,198,24
4,0,10,7,16,1,1024,0,2,1,0,92990,3,0,0
4,0,10,7,16,1,1024,0,2,1,0,84190,3,0,0
1,0,10,7,16,5,1024,0,2,1,0,112990,3,0,0
1,0,10,7,4,2,1024,0,2,0,4,114990,3,0,0
7,0,10,7,4,1,1024,0,2,1,4,99990,3,0,0
1,0,10,7,4,1,1024,0,2,0,4,95990,4,57,3
4,0,10,7,4,1,1024,0,2,1,8,159990,4,17,2
1,0,10,7,4,1,1024,0,2,1,0,76990,3,0,0
5,0,10,7,4,1,1024,0,2,1,6,130990,3,0,0
1,0,10,7,4,1,1024,0,2,1,0,99990,3,0,0
1,0,10,7,4,2,1024,0,2,1,4,112990,3,0,0
5,0,10,7,4,1,1024,0,2,1,0,77988,3,0,0
1,0,10,7,4,1,1024,0,2,1,0,76000,5,1,1
1,0,10,7,4,5,1024,0,2,1,4,99990,4,77,15
1,0,10,7,4,1,1024,0,2,1,0,111000,3,0,0
1,0,10,7,16,5,1024,0,2,1,0,84970,3,2,1
4,0,10,7,16,1,256,1024,2,1,4,75990,4,1084,123
7,0,10,7,16,1,256,1024,2,1,6,89990,4,272,36
7,0,10,7,16,1,256,1024,2,1,4,81990,4,141,24
5,0,10,7,4,1,512,1024,2,0,0,80490,3,0,0
1,0,2,7,16,1,1024,0,2,1,6,135990,3,0,0
1,0,2,7,16,1,1024,0,2,0,0,154990,4,194,42
1,0,2,7,16,1,1024,0,2,1,8,199990,4,9,2
1,0,2,7,16,1,1024,0,2,1,4,114990,4,28,4
1,0,2,7,16,1,1024,0,2,1,6,129990,4,204,35
1,0,2,7,16,5,1024,0,2,1,4,114990,4,32,6
6,0,2,7,4,1,1024,0,2,1,0,146990,3,0,0
1,0,2,7,4,1,1024,0,2,1,0,104990,4,14,2
1,0,2,7,4,5,1024,0,2,1,4,114990,4,14,1
1,0,2,7,4,5,1024,0,2,1,4,124990,5,3,0
1,0,2,7,4,5,1024,0,2,1,0,134990,3,0,0
4,0,2,7,4,1,1024,0,2,1,8,141990,3,0,0
1,0,2,7,4,1,1024,0,2,1,0,129990,3,0,0
1,0,2,7,4,5,1024,0,2,1,4,142990,4,4,1
1,0,2,7,4,1,1024,0,2,1,0,121990,3,0,0
1,0,2,7,4,5,1024,0,2,1,4,124990,4,44,12
1,0,2,7,4,1,1024,0,2,1,6,141990,4,61,13
1,0,2,7,4,1,1024,0,2,1,4,162990,3,0,0
1,0,2,7,4,1,1024,0,2,1,0,130500,3,0,0
1,0,2,7,4,1,1024,0,2,1,4,116990,3,0,0
1,0,2,7,4,1,1024,0,2,0,6,138990,3,0,0
1,0,2,7,4,5,1024,0,2,1,4,234990,3,0,0
1,0,2,7,4,1,1024,0,2,1,0,135990,3,0,0
1,0,2,7,4,1,1024,0,2,1,0,144990,3,0,0
1,0,2,7,4,1,1024,0,2,1,4,149990,3,0,0
1,0,2,7,4,1,1024,0,2,1,4,142990,3,0,0
5,0,9,0,8,1,512,0,0,1,0,57490,4,18,4
